-- Supabase Database Backup
-- Generated: 2026-01-06 23:14:02
-- Project: qemosikbhrnstcormhuz

-- Table: clubhouse_events (3 rows)
INSERT INTO clubhouse_events (id, name, slug, description, venue, location, prize_fund, currency, start_date, end_date, registration_opens_at, registration_closes_at, round1_tee_time, round2_tee_time, round3_tee_time, round4_tee_time, status, created_at, updated_at, linked_tournament_id) VALUES ('582f49ab-c544-4c7e-820d-e52899921395', 'Coastal Links Championship', 'coastal-links-championship', 'Traditional links golf by the Pacific Ocean', 'Pebble Beach Golf Links', 'Pebble Beach, CA, USA', 12000000.00, 'USD', '2026-01-20T09:00:00+00:00', '2026-01-23T23:59:00+00:00', '2026-01-13T00:00:00+00:00', '2026-01-23T08:45:00+00:00', '2026-01-20T09:00:00+00:00', '2026-01-21T09:00:00+00:00', '2026-01-22T09:00:00+00:00', '2026-01-23T09:00:00+00:00', 'open', '2026-01-06T17:43:16.891236+00:00', '2026-01-06T17:43:16.891236+00:00', NULL);
INSERT INTO clubhouse_events (id, name, slug, description, venue, location, prize_fund, currency, start_date, end_date, registration_opens_at, registration_closes_at, round1_tee_time, round2_tee_time, round3_tee_time, round4_tee_time, status, created_at, updated_at, linked_tournament_id) VALUES ('f5c8534c-04c3-4f04-830e-8ba674cec197', 'Spring Masters Championship', 'spring-masters-championship', 'Prestigious spring tournament with challenging course conditions', 'Augusta National Golf Club', 'Augusta, GA, USA', 15000000.00, 'USD', '2026-01-05T07:00:00+00:00', '2026-01-08T23:59:00+00:00', '2026-01-01T00:00:00+00:00', '2026-01-08T06:45:00+00:00', '2026-01-05T07:00:00+00:00', '2026-01-06T07:00:00+00:00', '2026-01-07T07:00:00+00:00', '2026-01-08T07:00:00+00:00', 'open', '2026-01-06T17:43:16.891236+00:00', '2026-01-06T17:43:16.891236+00:00', NULL);
INSERT INTO clubhouse_events (id, name, slug, description, venue, location, prize_fund, currency, start_date, end_date, registration_opens_at, registration_closes_at, round1_tee_time, round2_tee_time, round3_tee_time, round4_tee_time, status, created_at, updated_at, linked_tournament_id) VALUES ('1ffc608e-a5e6-402e-9ff6-222b9b3f1e19', 'Desert Classic Open', 'desert-classic-open', 'Three-round desert tournament in stunning Arizona landscape', 'TPC Scottsdale', 'Scottsdale, AZ, USA', 8000000.00, 'USD', '2026-01-15T08:00:00+00:00', '2026-01-18T08:00:00+00:00', '2026-01-08T00:00:00+00:00', '2026-01-18T06:45:00+00:00', '2026-01-15T08:00:00+00:00', '2026-01-16T08:00:00+00:00', '2026-01-17T08:00:00+00:00', '2026-01-18T07:00:00+00:00', 'open', '2026-01-06T17:43:16.891236+00:00', '2026-01-06T17:43:16.891236+00:00', NULL);


-- Table: clubhouse_competitions (15 rows)
INSERT INTO clubhouse_competitions (id, event_id, name, description, entry_credits, max_entries, prize_pool_credits, prize_distribution, assigned_golfer_group_id, opens_at, closes_at, starts_at, ends_at, status, created_at, updated_at) VALUES ('70be31d6-1e9f-4dfe-bdaf-522ffd2cbd52', '582f49ab-c544-4c7e-820d-e52899921395', 'All 4 Rounds', 'Compete across all four rounds', 100, 100, 50000, , 'f63d553b-669d-4675-ab19-7f5dc22f98f5', '2026-01-15T09:00:00+00:00', '2026-01-20T08:45:00+00:00', '2026-01-20T09:00:00+00:00', '2026-01-23T17:00:00+00:00', 'open', '2026-01-06T17:43:16.891236+00:00', '2026-01-06T17:43:16.891236+00:00');
INSERT INTO clubhouse_competitions (id, event_id, name, description, entry_credits, max_entries, prize_pool_credits, prize_distribution, assigned_golfer_group_id, opens_at, closes_at, starts_at, ends_at, status, created_at, updated_at) VALUES ('a1e7c817-843d-42a3-bd85-8873a36ad0af', '1ffc608e-a5e6-402e-9ff6-222b9b3f1e19', 'All 4 Rounds', 'Compete across all four rounds', 100, 100, 50000, , NULL, '2026-01-08T00:00:00+00:00', '2026-01-15T07:45:00+00:00', '2026-01-15T08:00:00+00:00', '2026-01-18T07:00:00+00:00', 'open', '2026-01-06T17:43:16.891236+00:00', '2026-01-06T17:43:16.891236+00:00');
INSERT INTO clubhouse_competitions (id, event_id, name, description, entry_credits, max_entries, prize_pool_credits, prize_distribution, assigned_golfer_group_id, opens_at, closes_at, starts_at, ends_at, status, created_at, updated_at) VALUES ('6ed57fd9-159e-4c9a-8aa0-a8825fe9a613', '1ffc608e-a5e6-402e-9ff6-222b9b3f1e19', 'Round 1', 'First round competition', 100, 100, 20000, , NULL, '2026-01-08T00:00:00+00:00', '2026-01-15T07:45:00+00:00', '2026-01-15T08:00:00+00:00', '2026-01-15T08:00:00+00:00', 'open', '2026-01-06T17:43:16.891236+00:00', '2026-01-06T17:43:16.891236+00:00');
INSERT INTO clubhouse_competitions (id, event_id, name, description, entry_credits, max_entries, prize_pool_credits, prize_distribution, assigned_golfer_group_id, opens_at, closes_at, starts_at, ends_at, status, created_at, updated_at) VALUES ('bf100896-e279-445c-a54c-d9bc354d6d2e', '1ffc608e-a5e6-402e-9ff6-222b9b3f1e19', 'Round 2', 'Second round competition', 100, 100, 100000, , NULL, '2026-01-08T00:00:00+00:00', '2026-01-16T07:45:00+00:00', '2026-01-16T08:00:00+00:00', '2026-01-16T08:00:00+00:00', 'open', '2026-01-06T17:43:16.891236+00:00', '2026-01-06T17:43:16.891236+00:00');
INSERT INTO clubhouse_competitions (id, event_id, name, description, entry_credits, max_entries, prize_pool_credits, prize_distribution, assigned_golfer_group_id, opens_at, closes_at, starts_at, ends_at, status, created_at, updated_at) VALUES ('c51607cc-d92c-429f-9b39-38b44521aa1d', '1ffc608e-a5e6-402e-9ff6-222b9b3f1e19', 'Round 3', 'Third round competition', 100, 100, 5000, , NULL, '2026-01-08T00:00:00+00:00', '2026-01-17T07:45:00+00:00', '2026-01-17T08:00:00+00:00', '2026-01-17T08:00:00+00:00', 'open', '2026-01-06T17:43:16.891236+00:00', '2026-01-06T17:43:16.891236+00:00');
INSERT INTO clubhouse_competitions (id, event_id, name, description, entry_credits, max_entries, prize_pool_credits, prize_distribution, assigned_golfer_group_id, opens_at, closes_at, starts_at, ends_at, status, created_at, updated_at) VALUES ('1275447c-02dc-4e94-8968-256f70d3ffcc', '1ffc608e-a5e6-402e-9ff6-222b9b3f1e19', 'Round 4', 'Fourth round competition', 100, 100, 30000, , NULL, '2026-01-08T00:00:00+00:00', '2026-01-18T06:45:00+00:00', '2026-01-18T07:00:00+00:00', '2026-01-18T07:00:00+00:00', 'open', '2026-01-06T17:43:16.891236+00:00', '2026-01-06T17:43:16.891236+00:00');
INSERT INTO clubhouse_competitions (id, event_id, name, description, entry_credits, max_entries, prize_pool_credits, prize_distribution, assigned_golfer_group_id, opens_at, closes_at, starts_at, ends_at, status, created_at, updated_at) VALUES ('8184ecfa-ae93-47c8-843f-a501ced6b756', '582f49ab-c544-4c7e-820d-e52899921395', 'Round 1', 'First round competition', 100, 100, 20000, , 'f63d553b-669d-4675-ab19-7f5dc22f98f5', '2026-01-15T09:00:00+00:00', '2026-01-20T08:45:00+00:00', '2026-01-20T09:00:00+00:00', '2026-01-20T17:00:00+00:00', 'open', '2026-01-06T17:43:16.891236+00:00', '2026-01-06T17:43:16.891236+00:00');
INSERT INTO clubhouse_competitions (id, event_id, name, description, entry_credits, max_entries, prize_pool_credits, prize_distribution, assigned_golfer_group_id, opens_at, closes_at, starts_at, ends_at, status, created_at, updated_at) VALUES ('b6abd443-72da-4aea-a9d4-86a963523435', '582f49ab-c544-4c7e-820d-e52899921395', 'Round 2', 'Second round competition', 100, 100, 100000, , 'f63d553b-669d-4675-ab19-7f5dc22f98f5', '2026-01-15T09:00:00+00:00', '2026-01-21T08:45:00+00:00', '2026-01-21T09:00:00+00:00', '2026-01-21T17:00:00+00:00', 'open', '2026-01-06T17:43:16.891236+00:00', '2026-01-06T17:43:16.891236+00:00');
INSERT INTO clubhouse_competitions (id, event_id, name, description, entry_credits, max_entries, prize_pool_credits, prize_distribution, assigned_golfer_group_id, opens_at, closes_at, starts_at, ends_at, status, created_at, updated_at) VALUES ('545e6251-35da-4031-9c0e-520b5e26f8ce', '582f49ab-c544-4c7e-820d-e52899921395', 'Round 3', 'Third round competition', 100, 100, 5000, , 'f63d553b-669d-4675-ab19-7f5dc22f98f5', '2026-01-15T09:00:00+00:00', '2026-01-22T08:45:00+00:00', '2026-01-22T09:00:00+00:00', '2026-01-22T17:00:00+00:00', 'open', '2026-01-06T17:43:16.891236+00:00', '2026-01-06T17:43:16.891236+00:00');
INSERT INTO clubhouse_competitions (id, event_id, name, description, entry_credits, max_entries, prize_pool_credits, prize_distribution, assigned_golfer_group_id, opens_at, closes_at, starts_at, ends_at, status, created_at, updated_at) VALUES ('db10a8c4-d705-4507-8cbd-331893d947da', '582f49ab-c544-4c7e-820d-e52899921395', 'Round 4', 'Fourth round competition', 100, 100, 30000, , 'f63d553b-669d-4675-ab19-7f5dc22f98f5', '2026-01-15T09:00:00+00:00', '2026-01-23T08:45:00+00:00', '2026-01-23T09:00:00+00:00', '2026-01-23T17:00:00+00:00', 'open', '2026-01-06T17:43:16.891236+00:00', '2026-01-06T17:43:16.891236+00:00');
INSERT INTO clubhouse_competitions (id, event_id, name, description, entry_credits, max_entries, prize_pool_credits, prize_distribution, assigned_golfer_group_id, opens_at, closes_at, starts_at, ends_at, status, created_at, updated_at) VALUES ('e8ec6dc7-47e7-4651-a410-5e12a00cd185', 'f5c8534c-04c3-4f04-830e-8ba674cec197', 'All 4 Rounds', 'Compete across all four rounds', 100, 100, 50000, , NULL, '2026-01-01T00:00:00+00:00', '2026-01-05T06:45:00+00:00', '2026-01-05T07:00:00+00:00', '2026-01-08T07:00:00+00:00', 'open', '2026-01-06T17:43:16.891236+00:00', '2026-01-06T17:43:16.891236+00:00');
INSERT INTO clubhouse_competitions (id, event_id, name, description, entry_credits, max_entries, prize_pool_credits, prize_distribution, assigned_golfer_group_id, opens_at, closes_at, starts_at, ends_at, status, created_at, updated_at) VALUES ('d099d93c-d5b5-4d6c-ba27-87ca3acb6124', 'f5c8534c-04c3-4f04-830e-8ba674cec197', 'Round 1', 'First round competition', 100, 100, 20000, , NULL, '2026-01-01T00:00:00+00:00', '2026-01-05T06:45:00+00:00', '2026-01-05T07:00:00+00:00', '2026-01-05T07:00:00+00:00', 'open', '2026-01-06T17:43:16.891236+00:00', '2026-01-06T17:43:16.891236+00:00');
INSERT INTO clubhouse_competitions (id, event_id, name, description, entry_credits, max_entries, prize_pool_credits, prize_distribution, assigned_golfer_group_id, opens_at, closes_at, starts_at, ends_at, status, created_at, updated_at) VALUES ('264168e2-a8b5-4d9f-b2d1-87e3030d6fd9', 'f5c8534c-04c3-4f04-830e-8ba674cec197', 'Round 2', 'Second round competition', 100, 100, 100000, , NULL, '2026-01-01T00:00:00+00:00', '2026-01-06T06:45:00+00:00', '2026-01-06T07:00:00+00:00', '2026-01-06T07:00:00+00:00', 'open', '2026-01-06T17:43:16.891236+00:00', '2026-01-06T17:43:16.891236+00:00');
INSERT INTO clubhouse_competitions (id, event_id, name, description, entry_credits, max_entries, prize_pool_credits, prize_distribution, assigned_golfer_group_id, opens_at, closes_at, starts_at, ends_at, status, created_at, updated_at) VALUES ('51f5ed69-41bb-4791-a418-2e4eae9c817c', 'f5c8534c-04c3-4f04-830e-8ba674cec197', 'Round 3', 'Third round competition', 100, 100, 5000, , NULL, '2026-01-01T00:00:00+00:00', '2026-01-07T06:45:00+00:00', '2026-01-07T07:00:00+00:00', '2026-01-07T07:00:00+00:00', 'open', '2026-01-06T17:43:16.891236+00:00', '2026-01-06T17:43:16.891236+00:00');
INSERT INTO clubhouse_competitions (id, event_id, name, description, entry_credits, max_entries, prize_pool_credits, prize_distribution, assigned_golfer_group_id, opens_at, closes_at, starts_at, ends_at, status, created_at, updated_at) VALUES ('7f74e092-8e39-44fb-9fb8-e661c2861b22', 'f5c8534c-04c3-4f04-830e-8ba674cec197', 'Round 4', 'Fourth round competition', 100, 100, 30000, , NULL, '2026-01-01T00:00:00+00:00', '2026-01-08T06:45:00+00:00', '2026-01-08T07:00:00+00:00', '2026-01-08T07:00:00+00:00', 'open', '2026-01-06T17:43:16.891236+00:00', '2026-01-06T17:43:16.891236+00:00');


-- Table: clubhouse_entries (4 rows)
INSERT INTO clubhouse_entries (id, competition_id, user_id, entry_fee_paid, total_score, position, prize_credits, status, created_at, updated_at) VALUES ('2bf63dca-75bc-4109-ae23-15963da1d258', 'e8ec6dc7-47e7-4651-a410-5e12a00cd185', '70ddb849-aa25-4089-b4c4-7d53f17b1e2b', 100, 0.00, NULL, 0, 'active', '2026-01-06T20:14:28.289634+00:00', '2026-01-06T20:14:28.289634+00:00');
INSERT INTO clubhouse_entries (id, competition_id, user_id, entry_fee_paid, total_score, position, prize_credits, status, created_at, updated_at) VALUES ('de322ce5-a439-4043-9ef8-faebab9bf92f', '51f5ed69-41bb-4791-a418-2e4eae9c817c', '70ddb849-aa25-4089-b4c4-7d53f17b1e2b', 100, 0.00, NULL, 0, 'active', '2026-01-06T22:32:56.223572+00:00', '2026-01-06T22:32:56.223572+00:00');
INSERT INTO clubhouse_entries (id, competition_id, user_id, entry_fee_paid, total_score, position, prize_credits, status, created_at, updated_at) VALUES ('30cf447e-574b-4ca4-91bf-525f298c1c79', '7f74e092-8e39-44fb-9fb8-e661c2861b22', '70ddb849-aa25-4089-b4c4-7d53f17b1e2b', 100, 0.00, NULL, 0, 'active', '2026-01-06T22:35:31.043577+00:00', '2026-01-06T22:35:31.043577+00:00');
INSERT INTO clubhouse_entries (id, competition_id, user_id, entry_fee_paid, total_score, position, prize_credits, status, created_at, updated_at) VALUES ('382727fc-713c-4bba-abce-00ea720fa2a2', '7f74e092-8e39-44fb-9fb8-e661c2861b22', '722a6137-e43a-4184-b31e-eb0fea2f6dff', 100, 0.00, NULL, 0, 'active', '2026-01-06T22:51:52.473909+00:00', '2026-01-06T22:51:52.473909+00:00');


-- Table: clubhouse_entry_picks (24 rows)
INSERT INTO clubhouse_entry_picks (id, entry_id, golfer_id, is_captain, pick_order, created_at) VALUES ('0d4d21fa-9186-470f-8b2a-6f162a2cc04c', '2bf63dca-75bc-4109-ae23-15963da1d258', '41ca0e72-f70b-4288-a008-90b729614328', false, 1, '2026-01-06T20:14:28.289634+00:00');
INSERT INTO clubhouse_entry_picks (id, entry_id, golfer_id, is_captain, pick_order, created_at) VALUES ('1dd93791-e367-4f77-9525-c5bea239ba8f', '2bf63dca-75bc-4109-ae23-15963da1d258', '41e2f963-4b56-47d4-81eb-52f980b31002', false, 2, '2026-01-06T20:14:28.289634+00:00');
INSERT INTO clubhouse_entry_picks (id, entry_id, golfer_id, is_captain, pick_order, created_at) VALUES ('79e029da-2ea0-4bde-a144-d28726fac259', '2bf63dca-75bc-4109-ae23-15963da1d258', '8f255e2e-09b2-47e2-94dc-3a4f03b7e7de', false, 3, '2026-01-06T20:14:28.289634+00:00');
INSERT INTO clubhouse_entry_picks (id, entry_id, golfer_id, is_captain, pick_order, created_at) VALUES ('df55d024-a48d-4717-95f9-4b7b50ab57a3', '2bf63dca-75bc-4109-ae23-15963da1d258', '8d9d814d-fe7d-4c93-bebb-f5dae84a5f1d', false, 4, '2026-01-06T20:14:28.289634+00:00');
INSERT INTO clubhouse_entry_picks (id, entry_id, golfer_id, is_captain, pick_order, created_at) VALUES ('33bf4a6a-ed37-4927-a6d9-c72d11c6bc55', '2bf63dca-75bc-4109-ae23-15963da1d258', '9f02c5d8-ac70-4667-8839-af088d00cd20', false, 5, '2026-01-06T20:14:28.289634+00:00');
INSERT INTO clubhouse_entry_picks (id, entry_id, golfer_id, is_captain, pick_order, created_at) VALUES ('7caeddf9-65dc-4ddc-b4ff-b59d5366eec3', '2bf63dca-75bc-4109-ae23-15963da1d258', '8afab45f-f5e5-4c7a-bcbf-1d1cacaa27cf', true, 6, '2026-01-06T20:14:28.289634+00:00');
INSERT INTO clubhouse_entry_picks (id, entry_id, golfer_id, is_captain, pick_order, created_at) VALUES ('9e427af0-4f45-4560-88da-5ca64fa4c3e7', 'de322ce5-a439-4043-9ef8-faebab9bf92f', 'e114ccbc-79fe-48d6-bc70-9876e37cbbee', false, 1, '2026-01-06T22:32:56.223572+00:00');
INSERT INTO clubhouse_entry_picks (id, entry_id, golfer_id, is_captain, pick_order, created_at) VALUES ('e77dc1e1-db72-41fe-9193-77972e60cbdf', 'de322ce5-a439-4043-9ef8-faebab9bf92f', '8f5da262-7de7-4c0d-8cbe-d8a0096f2e19', false, 2, '2026-01-06T22:32:56.223572+00:00');
INSERT INTO clubhouse_entry_picks (id, entry_id, golfer_id, is_captain, pick_order, created_at) VALUES ('b9f56d98-0ce9-42af-945a-26670c5d84ef', 'de322ce5-a439-4043-9ef8-faebab9bf92f', 'ce8ef25d-e5ff-434a-8c24-7226993dc9cd', true, 3, '2026-01-06T22:32:56.223572+00:00');
INSERT INTO clubhouse_entry_picks (id, entry_id, golfer_id, is_captain, pick_order, created_at) VALUES ('fa53ac69-b4ae-424c-9843-be1b8134daf6', 'de322ce5-a439-4043-9ef8-faebab9bf92f', 'bf250cb6-5be0-44ab-9cc8-0a393802ebc3', false, 4, '2026-01-06T22:32:56.223572+00:00');
INSERT INTO clubhouse_entry_picks (id, entry_id, golfer_id, is_captain, pick_order, created_at) VALUES ('e10092a1-f0ab-42b1-9cab-5a58b5a22f9e', 'de322ce5-a439-4043-9ef8-faebab9bf92f', '3bc17ac8-d80d-48e9-913d-adb1bdf1a5ca', false, 5, '2026-01-06T22:32:56.223572+00:00');
INSERT INTO clubhouse_entry_picks (id, entry_id, golfer_id, is_captain, pick_order, created_at) VALUES ('a76f54b2-c08d-4c0f-b61c-a14361508263', 'de322ce5-a439-4043-9ef8-faebab9bf92f', '16b5265f-f3b6-4500-b683-db75b0e709a9', false, 6, '2026-01-06T22:32:56.223572+00:00');
INSERT INTO clubhouse_entry_picks (id, entry_id, golfer_id, is_captain, pick_order, created_at) VALUES ('837431c2-dd13-4dab-b02b-f0d7ceb5b397', '30cf447e-574b-4ca4-91bf-525f298c1c79', '390c79c8-10e5-457e-bb32-f6d91ba07887', false, 1, '2026-01-06T22:35:31.043577+00:00');
INSERT INTO clubhouse_entry_picks (id, entry_id, golfer_id, is_captain, pick_order, created_at) VALUES ('5e84f292-3ff7-4a0d-81be-2bffa802dfed', '30cf447e-574b-4ca4-91bf-525f298c1c79', '8c335eba-d1f6-42c2-b067-2c146d8921e8', false, 2, '2026-01-06T22:35:31.043577+00:00');
INSERT INTO clubhouse_entry_picks (id, entry_id, golfer_id, is_captain, pick_order, created_at) VALUES ('76265e70-96e8-45b0-afb1-1a94faad3a47', '30cf447e-574b-4ca4-91bf-525f298c1c79', '5a33e232-ee60-4f6e-a5c2-d3b785c37c88', false, 3, '2026-01-06T22:35:31.043577+00:00');
INSERT INTO clubhouse_entry_picks (id, entry_id, golfer_id, is_captain, pick_order, created_at) VALUES ('a19387b2-7abb-42be-a284-e9280d02f214', '30cf447e-574b-4ca4-91bf-525f298c1c79', '4d8c132e-35d2-4a2c-a748-245bb0a45f48', false, 4, '2026-01-06T22:35:31.043577+00:00');
INSERT INTO clubhouse_entry_picks (id, entry_id, golfer_id, is_captain, pick_order, created_at) VALUES ('9013dd09-7f20-4c9f-b72b-1731c73f1e2f', '30cf447e-574b-4ca4-91bf-525f298c1c79', '38c92d5a-e359-4120-88df-e775c29ee4c5', false, 5, '2026-01-06T22:35:31.043577+00:00');
INSERT INTO clubhouse_entry_picks (id, entry_id, golfer_id, is_captain, pick_order, created_at) VALUES ('fe4abe8f-2f23-45df-8db5-cf6f1e0d3c7e', '30cf447e-574b-4ca4-91bf-525f298c1c79', '9b50248d-6899-4849-8151-a622c48669b0', true, 6, '2026-01-06T22:35:31.043577+00:00');
INSERT INTO clubhouse_entry_picks (id, entry_id, golfer_id, is_captain, pick_order, created_at) VALUES ('5546eaf3-cd6a-49cf-a203-aea4e7f922b4', '382727fc-713c-4bba-abce-00ea720fa2a2', '19afab5e-fb5f-4456-8807-6b0b6f7cca17', false, 1, '2026-01-06T22:51:52.473909+00:00');
INSERT INTO clubhouse_entry_picks (id, entry_id, golfer_id, is_captain, pick_order, created_at) VALUES ('7a62bc2a-88e8-4baf-9d65-e8505b060e7b', '382727fc-713c-4bba-abce-00ea720fa2a2', '4d8c132e-35d2-4a2c-a748-245bb0a45f48', false, 2, '2026-01-06T22:51:52.473909+00:00');
INSERT INTO clubhouse_entry_picks (id, entry_id, golfer_id, is_captain, pick_order, created_at) VALUES ('ddb96b58-7170-4a42-a752-3eef300d0056', '382727fc-713c-4bba-abce-00ea720fa2a2', '3bc17ac8-d80d-48e9-913d-adb1bdf1a5ca', false, 3, '2026-01-06T22:51:52.473909+00:00');
INSERT INTO clubhouse_entry_picks (id, entry_id, golfer_id, is_captain, pick_order, created_at) VALUES ('6eb19b3e-d1dc-4037-8cd5-0e391930aabe', '382727fc-713c-4bba-abce-00ea720fa2a2', 'dff052c3-3cee-4fac-ae3c-07d7ebc27426', false, 4, '2026-01-06T22:51:52.473909+00:00');
INSERT INTO clubhouse_entry_picks (id, entry_id, golfer_id, is_captain, pick_order, created_at) VALUES ('58f2d0f0-ef39-4480-9392-e5166335652a', '382727fc-713c-4bba-abce-00ea720fa2a2', '6ebfc4da-4608-46f6-b28a-57d874ec58a1', false, 5, '2026-01-06T22:51:52.473909+00:00');
INSERT INTO clubhouse_entry_picks (id, entry_id, golfer_id, is_captain, pick_order, created_at) VALUES ('58a5354f-056b-4d0a-9589-0ae4171c2bc1', '382727fc-713c-4bba-abce-00ea720fa2a2', 'ab0e2e99-ddc5-4500-a700-ee1d64249cdd', true, 6, '2026-01-06T22:51:52.473909+00:00');


-- Table: clubhouse_wallets (3 rows)
INSERT INTO clubhouse_wallets (id, user_id, balance_credits, created_at, updated_at) VALUES ('93447a44-dc49-41c1-b6a1-7051caaa738a', '6bf33856-b7c0-44bb-a722-cb2d418d598f', 3000, '2026-01-06T20:00:06.561982+00:00', '2026-01-06T20:00:46.118639+00:00');
INSERT INTO clubhouse_wallets (id, user_id, balance_credits, created_at, updated_at) VALUES ('b505fd0e-aa44-42d3-8e1f-94bc4ff95b53', '70ddb849-aa25-4089-b4c4-7d53f17b1e2b', 2700, '2026-01-06T20:00:22.199816+00:00', '2026-01-06T22:35:31.043577+00:00');
INSERT INTO clubhouse_wallets (id, user_id, balance_credits, created_at, updated_at) VALUES ('c35309b7-6fd7-45d3-ba80-9f07e9c6b4d1', '722a6137-e43a-4184-b31e-eb0fea2f6dff', 2900, '2026-01-06T19:59:55.082149+00:00', '2026-01-06T22:51:52.473909+00:00');


